pdf,page,word_id,text,x0,y0,x1,y1,width,height,area,engine,ocr_source,harmonization_strategy,level,block_num,par_num,line_num,word_num,ocr_confidence,ocr_confidence_tesseract,ocr_confidence_easyocr,ocr_uncertain_candidate
puffy_intake_images.pdf,0,0,"7/24/25,",24.24,17.04,50.4,23.759999999999998,,,,,harmonized,,5,1,1,1,1,93.0,93.0,70.17306714270264,False
puffy_intake_images.pdf,0,1,10:28,53.28,17.04,70.08,22.8,,,,,tesseract,,5,1,1,1,2,93.0,93.0,70.17306714270264,False
puffy_intake_images.pdf,0,2,AM,72.24,17.28,84.96,22.56,,,,,harmonized,,5,1,1,1,3,96.0,96.0,70.17306714270264,False
puffy_intake_images.pdf,0,3,Patient,294.0,17.04,316.08,22.8,,,,,harmonized,,5,1,1,1,4,96.0,96.0,96.63667432983961,False
puffy_intake_images.pdf,0,4,Intake,318.24,17.04,337.91999999999996,22.8,,,,,harmonized,,5,1,1,1,5,96.0,96.0,96.63667432983961,False
puffy_intake_images.pdf,0,5,Summary,340.32,17.04,371.03999999999996,24.24,,,,,harmonized,,5,1,1,1,6,92.0,92.0,96.63667432983961,False
puffy_intake_images.pdf,0,6,-,373.44,20.4,375.59999999999997,21.119999999999997,,,,,tesseract,,5,1,1,1,7,92.0,92.0,,False
puffy_intake_images.pdf,0,7,Peter,378.0,17.28,394.32,22.8,,,,,harmonized,,5,1,1,1,8,96.0,96.0,99.88533187625953,False
puffy_intake_images.pdf,0,8,Lou,396.24,17.28,408.96,22.8,,,,,harmonized,,5,1,1,1,9,96.0,96.0,99.88533187625953,False
puffy_intake_images.pdf,0,9,,72.72,81.72,121.68,141.84,48.96000000000001,60.120000000000005,2943.4752000000008,pixel_detector,ocr_missed,ocr_missed,-1,-1,-1,-1,-1,0.0,,,
puffy_intake_images.pdf,0,10,NORTHWEST,138.0,84.24,252.23999999999998,97.67999999999999,,,,,harmonized,,5,5,1,1,1,95.0,95.0,74.88744938712325,False
puffy_intake_images.pdf,0,11,VETERINARY,257.52,84.47999999999999,372.96,97.44,,,,,harmonized,,5,5,1,1,2,95.0,95.0,74.88744938712325,False
puffy_intake_images.pdf,0,12,ASSOCIATES,136.56,105.36,251.28,118.8,,,,,harmonized,,5,2,1,1,1,97.48465018014599,95.0,99.969300360292,False
puffy_intake_images.pdf,0,13,Compassionate,137.28,128.88,209.28,138.72,,,,,harmonized,,5,4,1,1,1,96.0,96.0,75.66676888435913,False
puffy_intake_images.pdf,0,14,Care,213.12,128.88,234.95999999999998,136.79999999999998,,,,,harmonized,,5,4,1,1,2,95.0,95.0,75.66676888435913,False
puffy_intake_images.pdf,0,15,for,238.32,128.88,250.56,136.56,,,,,harmonized,,5,4,1,1,3,95.0,95.0,75.66676888435913,False
puffy_intake_images.pdf,0,16,Your,253.44,129.12,274.56,136.56,,,,,harmonized,,5,4,1,1,4,96.0,96.0,75.66676888435913,False
puffy_intake_images.pdf,0,17,Feline,278.15999999999997,129.12,305.52,136.56,,,,,harmonized,,5,4,1,1,5,96.0,96.0,75.66676888435913,False
puffy_intake_images.pdf,0,18,Friends,309.59999999999997,129.12,343.44,136.56,,,,,harmonized,,5,4,1,1,6,96.0,96.0,75.66676888435913,False
puffy_intake_images.pdf,0,19,Document,436.56,82.08,478.224,92.16,41.66399999999999,10.079999999999998,419.9731199999998,,easyocr_decomposed,,-1,-1,-1,-1,3,99.84410901672078,,99.84410901672078,False
puffy_intake_images.pdf,0,20,ID:,480.30719999999997,82.08,495.9312,92.16,15.624000000000024,10.079999999999998,157.4899200000002,,easyocr_decomposed,,-1,-1,-1,-1,3,99.84410901672078,,99.84410901672078,False
puffy_intake_images.pdf,0,21,INK-2025-,498.01439999999997,82.08,540.72,92.16,42.70560000000006,10.079999999999998,430.47244800000055,,easyocr_decomposed,,-1,-1,-1,-1,3,99.84410901672078,,99.84410901672078,False
puffy_intake_images.pdf,0,22,0923847,502.79999999999995,92.64,540.24,102.72,,,,,easyocr,,-1,-1,-1,-1,5,99.9987187324053,,99.9987187324053,False
puffy_intake_images.pdf,0,23,MRN:,478.79999999999995,113.52,500.88,120.0,,,,,harmonized,,5,6,1,1,1,92.0,92.0,51.28767873113228,False
puffy_intake_images.pdf,0,24,7829341,504.71999999999997,113.52,537.6,120.0,,,,,harmonized,,5,6,1,1,2,96.0,96.0,51.28767873113228,False
puffy_intake_images.pdf,0,25,Date:,445.44,132.96,466.32,139.44,,,,,harmonized,,5,7,1,1,1,95.0,95.0,92.66722886636602,False
puffy_intake_images.pdf,0,26,January,469.91999999999996,132.96,501.59999999999997,141.35999999999999,,,,,harmonized,,5,7,1,1,2,95.0,95.0,92.66722886636602,False
puffy_intake_images.pdf,0,27,"23,",504.47999999999996,132.96,516.0,140.64,,,,,harmonized,,5,7,1,1,3,95.0,95.0,92.66722886636602,False
puffy_intake_images.pdf,0,28,2025,519.6,132.96,538.8,139.44,,,,,harmonized,,5,7,1,1,4,95.0,95.0,92.66722886636602,False
puffy_intake_images.pdf,0,29,,72.72,165.6,539.28,168.12,466.55999999999995,2.5200000000000102,1175.7312000000047,pixel_detector,ocr_missed,ocr_missed,-1,-1,-1,-1,-1,0.0,,,
puffy_intake_images.pdf,0,30,PATIENT,89.52,208.56,144.0,218.16,,,,,harmonized,,5,9,1,1,1,96.0,96.0,82.08913372949257,False
puffy_intake_images.pdf,0,31,INFORMATION,149.04,208.32,241.2,218.4,,,,,harmonized,,5,9,1,1,2,96.0,96.0,82.08913372949257,False
puffy_intake_images.pdf,0,32,Name:,89.52,243.12,124.08,256.08,,,,,harmonized,,5,10,1,1,1,78.45846293978606,96.0,60.916925879572126,False
puffy_intake_images.pdf,0,33,Peter Lou,194.4,244.07999999999998,244.56,252.95999999999998,,,,,easyocr,,5,10,1,1,2,99.23298098276632,91.0,99.23298098276632,False
puffy_intake_images.pdf,0,34,Species:,262.56,244.07999999999998,310.32,255.12,,,,,harmonized,,5,10,1,1,3,85.02888530006578,96.0,74.05777060013156,False
puffy_intake_images.pdf,0,35,Feline,368.15999999999997,244.07999999999998,399.36,252.95999999999998,,,,,harmonized,,5,14,1,1,1,97.99988319919655,96.0,99.99976639839308,False
puffy_intake_images.pdf,0,36,Date,89.52,276.48,114.0,285.36,,,,,harmonized,,5,10,2,1,1,96.0,96.0,88.52180270888636,False
puffy_intake_images.pdf,0,37,of,118.32,276.48,129.6,285.36,,,,,harmonized,,5,10,2,1,2,96.0,96.0,88.52180270888636,False
puffy_intake_images.pdf,0,38,Birth:,133.44,276.48,163.44,285.36,,,,,harmonized,,5,10,2,1,3,95.0,95.0,88.52180270888636,False
puffy_intake_images.pdf,0,39,March,194.4,276.48,226.07999999999998,285.36,,,,,harmonized,,5,10,2,1,4,96.0,96.0,99.97393035095715,False
puffy_intake_images.pdf,0,40,"15,",231.35999999999999,276.48,246.0,286.8,,,,,harmonized,,5,10,2,1,5,82.0,82.0,99.97393035095715,False
puffy_intake_images.pdf,0,41,2019,193.68,289.92,219.84,298.8,,,,,harmonized,,5,10,2,2,1,87.97397161788525,96.0,79.94794323577051,False
puffy_intake_images.pdf,0,42,Breed:,263.03999999999996,276.48,299.03999999999996,285.36,,,,,harmonized,,5,10,2,1,6,90.99978099844321,82.0,99.99956199688643,False
puffy_intake_images.pdf,0,43,Domestic,368.15999999999997,275.52,417.12,287.76,,,,,harmonized,,5,15,1,1,1,97.9868165703449,96.0,99.97363314068978,False
puffy_intake_images.pdf,0,44,Shorthair,367.68,288.71999999999997,415.91999999999996,300.96,,,,,harmonized,,5,15,1,2,1,97.85325767298681,96.0,99.70651534597364,False
puffy_intake_images.pdf,0,45,i,495.12,266.88,522.72,299.03999999999996,,,,,tesseract,,5,15,1,1,2,39.0,39.0,,False
puffy_intake_images.pdf,0,46,Age:,88.56,321.12,114.0,334.32,,,,,harmonized,,5,10,3,1,1,94.31809766491615,96.0,92.6361953298323,False
puffy_intake_images.pdf,0,47,5,193.92,322.32,199.68,330.96,,,,,harmonized,,5,10,3,1,2,94.0,94.0,94.40864161512783,False
puffy_intake_images.pdf,0,48,"years,",203.76,324.24,235.2,333.36,,,,,harmonized,,5,10,3,1,3,94.0,94.0,94.40864161512783,False
puffy_intake_images.pdf,0,49,10,194.64,335.52,206.4,344.4,,,,,harmonized,,5,10,3,2,1,96.0,96.0,88.48686972652835,False
puffy_intake_images.pdf,0,50,months,210.95999999999998,335.52,249.12,344.4,,,,,harmonized,,5,10,3,2,2,96.0,96.0,88.48686972652835,False
puffy_intake_images.pdf,0,51,Weight:,262.08,322.08,304.8,333.36,,,,,harmonized,,5,10,3,1,4,97.7830035103195,96.0,99.56600702063902,False
puffy_intake_images.pdf,0,52,14.2,368.4,322.08,389.76,330.71999999999997,,,,,harmonized,,5,15,1,3,1,96.0,96.0,54.62413633064299,False
puffy_intake_images.pdf,0,53,lbs,394.56,322.08,408.71999999999997,330.96,,,,,tesseract,,5,15,1,3,2,82.0,82.0,54.62413633064299,False
puffy_intake_images.pdf,0,54,(6.4,413.28,321.84,432.71999999999997,333.36,,,,,harmonized,,5,15,1,3,3,96.0,96.0,54.62413633064299,False
puffy_intake_images.pdf,0,55,kg),437.28,321.84,452.64,333.36,,,,,harmonized,,5,15,1,3,4,96.0,96.0,54.62413633064299,False
puffy_intake_images.pdf,0,56,Sex:,89.03999999999999,366.96,112.8,380.15999999999997,,,,,harmonized,,5,10,4,1,1,97.99673366546631,96.0,99.99346733093262,False
puffy_intake_images.pdf,0,57,Male,194.4,366.96,219.12,380.15999999999997,,,,,harmonized,,5,10,4,1,2,97.99993443489075,96.0,99.9998688697815,False
puffy_intake_images.pdf,0,58,(Neutered),194.16,381.12,250.56,392.64,,,,,harmonized,,5,10,4,2,1,79.51492550807744,96.0,63.02985101615487,False
puffy_intake_images.pdf,0,59,Microchip:,262.8,367.91999999999996,321.59999999999997,378.96,,,,,harmonized,,5,10,4,1,3,97.99452806473737,96.0,99.98905612947473,False
puffy_intake_images.pdf,0,60,985141004729856,365.28,365.28,468.71999999999997,378.96,,,,,easyocr,,-1,-1,-1,-1,29,79.48557950222197,,79.48557950222197,False
puffy_intake_images.pdf,0,61,OWNER,89.03999999999999,456.71999999999997,140.16,466.79999999999995,,,,,harmonized,,5,11,1,1,1,96.0,96.0,99.98463753633192,False
puffy_intake_images.pdf,0,62,INFORMATION,144.96,456.71999999999997,237.12,466.79999999999995,,,,,harmonized,,5,11,1,1,2,96.0,96.0,99.98463753633192,False
puffy_intake_images.pdf,0,63,Owner:,89.03999999999999,491.52,128.64,503.52,,,,,harmonized,,5,12,1,1,1,82.06020162741487,96.0,68.12040325482975,False
puffy_intake_images.pdf,0,64,Rebecca,194.4,492.47999999999996,240.48,501.35999999999996,,,,,harmonized,,5,12,1,1,2,97.99935793818165,96.0,99.99871587636329,False
puffy_intake_images.pdf,0,65,Martinez,194.4,505.91999999999996,239.28,514.8,,,,,harmonized,,5,12,1,2,1,97.99212591641108,96.0,99.98425183282215,False
puffy_intake_images.pdf,0,66,Phone:,277.2,492.47999999999996,315.84,501.35999999999996,,,,,harmonized,,5,12,1,1,3,97.99107916211418,96.0,99.98215832422837,False
puffy_intake_images.pdf,0,67,(503),382.08,492.24,408.96,503.76,,,,,harmonized,,5,17,1,1,1,96.0,96.0,83.95830673358034,False
puffy_intake_images.pdf,0,68,555-0123,413.03999999999996,492.47999999999996,462.96,501.35999999999996,,,,,harmonized,,5,17,1,1,2,96.0,96.0,83.95830673358034,False
puffy_intake_images.pdf,0,69,Address:,88.56,537.12,139.44,550.3199999999999,,,,,harmonized,,5,13,1,1,1,97.99220258117705,96.0,99.9844051623541,False
puffy_intake_images.pdf,0,70,4827,193.44,538.0799999999999,219.84,546.96,,,,,harmonized,,5,13,1,1,2,95.0,95.0,99.97099126682221,False
puffy_intake_images.pdf,0,71,Maple,224.4,538.0799999999999,255.84,549.12,,,,,harmonized,,5,13,1,1,3,85.0,85.0,99.97099126682221,False
puffy_intake_images.pdf,0,72,Grove,193.92,551.28,225.84,560.4,,,,,harmonized,,5,13,1,2,1,84.0920799784474,96.0,72.18415995689482,False
puffy_intake_images.pdf,0,73,"Avenue,",193.44,565.1999999999999,236.39999999999998,575.52,,,,,harmonized,,5,13,1,3,1,96.0,96.0,81.13097982014854,False
puffy_intake_images.pdf,0,74,Apt,240.0,565.1999999999999,258.0,576.24,,,,,harmonized,,5,13,1,3,2,95.0,95.0,81.13097982014854,False
puffy_intake_images.pdf,0,75,"3B,",193.92,578.64,210.48,588.9599999999999,,,,,harmonized,,5,13,1,4,1,96.0,96.0,77.78025386168252,False
puffy_intake_images.pdf,0,76,"Portland,",215.76,578.64,261.84,588.9599999999999,,,,,tesseract,,5,13,1,4,2,96.0,96.0,77.78025386168252,False
puffy_intake_images.pdf,0,77,OR,193.92,591.84,211.2,600.9599999999999,,,,,harmonized,,5,13,1,5,1,95.0,95.0,99.31550776761334,False
puffy_intake_images.pdf,0,78,97205,215.28,592.0799999999999,247.67999999999998,600.9599999999999,,,,,harmonized,,5,13,1,5,2,95.0,95.0,99.31550776761334,False
puffy_intake_images.pdf,0,79,Email:,277.2,538.0799999999999,311.28,546.96,,,,,harmonized,,5,13,1,1,4,92.49303807833721,85.0,99.9860761566744,False
puffy_intake_images.pdf,0,80,rmartinez pdx@gmail.com,382.08,537.84,522.96,549.36,,,,,easyocr,,5,18,1,1,1,92.43564071279022,85.0,92.43564071279022,False
puffy_intake_images.pdf,0,81,Emergency,89.52,624.72,152.88,636.24,,,,,harmonized,,5,19,1,1,1,96.0,96.0,99.83535479450197,False
puffy_intake_images.pdf,0,82,Contact:,156.96,624.72,204.23999999999998,633.84,,,,,harmonized,,5,19,1,1,2,96.0,96.0,99.83535479450197,False
puffy_intake_images.pdf,0,83,David,211.44,624.72,240.48,633.84,,,,,harmonized,,5,19,1,1,3,96.0,96.0,99.83535479450197,False
puffy_intake_images.pdf,0,84,Martinez,206.16,637.92,251.04,646.8,,,,,harmonized,,5,20,1,1,1,97.9990474774655,96.0,99.99809495493098,False
puffy_intake_images.pdf,0,85,(Brother),205.92,651.12,252.23999999999998,662.64,,,,,harmonized,,5,20,1,2,1,97.99817210752083,96.0,99.99634421504166,False
puffy_intake_images.pdf,0,86,Emergency,277.2,624.72,340.8,636.24,,,,,harmonized,,5,19,1,1,4,96.0,96.0,75.10643111261703,False
puffy_intake_images.pdf,0,87,Phone:,345.36,624.72,384.0,633.84,,,,,harmonized,,5,19,1,1,5,96.0,96.0,75.10643111261703,False
puffy_intake_images.pdf,0,88,(503),390.96,624.72,417.35999999999996,636.24,,,,,harmonized,,5,19,1,1,6,96.0,96.0,75.10643111261703,False
puffy_intake_images.pdf,0,89,555-0456,422.15999999999997,624.9599999999999,471.84,633.84,,,,,harmonized,,5,19,1,1,7,96.0,96.0,75.10643111261703,False
puffy_intake_images.pdf,0,90,PRESENTING,89.52,726.72,175.44,736.8,,,,,harmonized,,5,21,1,1,1,96.0,96.0,99.24042391764534,False
puffy_intake_images.pdf,0,91,COMPLAINT,180.72,726.72,259.92,736.8,,,,,harmonized,,5,21,1,1,2,96.0,96.0,99.24042391764534,False
puffy_intake_images.pdf,0,92,file:///Users/wesleybeckner/Downloads/patient-intake-html,24.24,769.1999999999999,212.88,776.4,,,,,tesseract,,5,22,1,1,1,90.0,90.0,59.521161264563936,False
puffy_intake_images.pdf,0,93,(2).html,215.51999999999998,769.1999999999999,240.95999999999998,776.16,,,,,tesseract,,5,22,1,1,2,85.0,85.0,59.521161264563936,False
puffy_intake_images.pdf,0,94,1/3,578.64,769.1999999999999,587.52,774.9599999999999,,,,,harmonized,,5,23,1,1,1,94.8055933713913,96.0,93.61118674278259,False
puffy_intake_images.pdf,1,95,"7/24/25,",24.24,17.04,50.4,23.759999999999998,,,,,harmonized,,5,1,1,1,1,94.0,94.0,70.17306714270264,False
puffy_intake_images.pdf,1,96,10:28,53.519999999999996,17.28,70.08,22.56,,,,,tesseract,,5,1,1,1,2,96.0,96.0,70.17306714270264,False
puffy_intake_images.pdf,1,97,AM,72.48,17.28,84.96,22.56,,,,,harmonized,,5,1,1,1,3,96.0,96.0,70.17306714270264,False
puffy_intake_images.pdf,1,98,Patient,294.0,17.04,316.08,22.56,,,,,harmonized,,5,1,1,1,4,96.0,96.0,96.63667432983961,False
puffy_intake_images.pdf,1,99,Intake,318.24,17.04,337.91999999999996,22.56,,,,,harmonized,,5,1,1,1,5,96.0,96.0,96.63667432983961,False
puffy_intake_images.pdf,1,100,Summary,340.32,17.04,371.03999999999996,24.24,,,,,harmonized,,5,1,1,1,6,93.0,93.0,96.63667432983961,False
puffy_intake_images.pdf,1,101,Peter,378.0,17.28,394.32,22.56,,,,,harmonized,,5,1,1,1,8,96.0,96.0,99.88533187625953,False
puffy_intake_images.pdf,1,102,Lou,396.47999999999996,17.28,408.96,22.8,,,,,harmonized,,5,1,1,1,9,96.0,96.0,99.88533187625953,False
puffy_intake_images.pdf,1,103,-,373.44,20.4,375.59999999999997,21.119999999999997,,,,,tesseract,,5,1,1,1,7,92.0,92.0,,False
puffy_intake_images.pdf,1,104,Owner,89.03999999999999,29.52,123.83999999999999,38.4,,,,,harmonized,,5,1,1,2,1,95.0,95.0,91.57015418990686,False
puffy_intake_images.pdf,1,105,reports,127.92,30.0,164.16,40.559999999999995,,,,,harmonized,,5,1,1,2,2,96.0,96.0,91.57015418990686,False
puffy_intake_images.pdf,1,106,that,168.0,29.52,187.92,38.4,,,,,harmonized,,5,1,1,2,3,95.0,95.0,91.57015418990686,False
puffy_intake_images.pdf,1,107,Peter,192.23999999999998,29.52,220.07999999999998,38.4,,,,,harmonized,,5,1,1,2,4,96.0,96.0,91.57015418990686,False
puffy_intake_images.pdf,1,108,has,223.92,29.52,242.16,38.4,,,,,harmonized,,5,1,1,2,5,96.0,96.0,91.57015418990686,False
puffy_intake_images.pdf,1,109,been,246.72,29.52,271.68,38.4,,,,,harmonized,,5,1,1,2,6,96.0,96.0,91.57015418990686,False
puffy_intake_images.pdf,1,110,exhibiting,276.48,29.52,325.92,40.8,,,,,harmonized,,5,1,1,2,7,96.0,96.0,91.57015418990686,False
puffy_intake_images.pdf,1,111,decreased,330.47999999999996,29.52,384.96,38.4,,,,,harmonized,,5,1,1,2,8,96.0,96.0,91.57015418990686,False
puffy_intake_images.pdf,1,112,appetite,389.76,29.52,431.52,40.559999999999995,,,,,harmonized,,5,1,1,2,9,96.0,96.0,91.57015418990686,False
puffy_intake_images.pdf,1,113,for,435.35999999999996,29.52,449.52,38.4,,,,,harmonized,,5,1,1,2,10,96.0,96.0,91.57015418990686,False
puffy_intake_images.pdf,1,114,the,452.88,29.52,468.96,38.4,,,,,harmonized,,5,1,1,2,11,96.0,96.0,91.57015418990686,False
puffy_intake_images.pdf,1,115,past,473.52,30.0,495.35999999999996,40.559999999999995,,,,,harmonized,,5,1,1,2,12,96.0,96.0,91.57015418990686,False
puffy_intake_images.pdf,1,116,5,499.2,29.759999999999998,504.96,38.4,,,,,harmonized,,5,1,1,2,13,96.0,96.0,91.57015418990686,False
puffy_intake_images.pdf,1,117,"days,",89.03999999999999,43.199999999999996,116.16,54.48,,,,,harmonized,,5,1,1,3,1,96.0,96.0,63.19832907291857,False
puffy_intake_images.pdf,1,118,accompanied,120.96,43.199999999999996,191.04,54.239999999999995,,,,,harmonized,,5,1,1,3,2,96.0,96.0,63.19832907291857,False
puffy_intake_images.pdf,1,119,by,195.84,43.199999999999996,207.6,54.48,,,,,harmonized,,5,1,1,3,3,96.0,96.0,63.19832907291857,False
puffy_intake_images.pdf,1,120,intermittent,211.92,43.199999999999996,270.48,52.08,,,,,harmonized,,5,1,1,3,4,96.0,96.0,63.19832907291857,False
puffy_intake_images.pdf,1,121,vomiting,274.08,43.199999999999996,318.0,54.48,,,,,harmonized,,5,1,1,3,5,96.0,96.0,63.19832907291857,False
puffy_intake_images.pdf,1,122,(3,322.56,43.199999999999996,332.15999999999997,54.48,,,,,harmonized,,5,1,1,3,6,96.0,96.0,63.19832907291857,False
puffy_intake_images.pdf,1,123,episodes,336.47999999999996,43.199999999999996,383.52,54.239999999999995,,,,,harmonized,,5,1,1,3,7,96.0,96.0,63.19832907291857,False
puffy_intake_images.pdf,1,124,in,388.08,43.199999999999996,395.76,51.839999999999996,,,,,harmonized,,5,1,1,3,8,96.0,96.0,63.19832907291857,False
puffy_intake_images.pdf,1,125,last,400.56,43.199999999999996,418.56,52.08,,,,,harmonized,,5,1,1,3,9,96.0,96.0,63.19832907291857,False
puffy_intake_images.pdf,1,126,48,422.15999999999997,43.199999999999996,434.88,52.08,,,,,harmonized,,5,1,1,3,10,95.0,95.0,63.19832907291857,False
puffy_intake_images.pdf,1,127,hours).,439.44,43.199999999999996,474.96,54.48,,,,,harmonized,,5,1,1,3,11,96.0,96.0,63.19832907291857,False
puffy_intake_images.pdf,1,128,Patient,480.24,43.199999999999996,516.72,52.08,,,,,harmonized,,5,1,1,3,12,96.0,96.0,63.19832907291857,False
puffy_intake_images.pdf,1,129,appears,89.03999999999999,58.8,131.28,67.67999999999999,,,,,harmonized,,5,1,1,4,1,96.0,96.0,86.26621987402305,False
puffy_intake_images.pdf,1,130,lethargic,135.84,56.64,180.23999999999998,67.92,,,,,harmonized,,5,1,1,4,2,96.0,96.0,86.26621987402305,False
puffy_intake_images.pdf,1,131,and,184.32,56.64,203.04,65.52,,,,,harmonized,,5,1,1,4,3,95.0,95.0,86.26621987402305,False
puffy_intake_images.pdf,1,132,is,207.84,56.64,215.51999999999998,65.52,,,,,harmonized,,5,1,1,4,4,95.0,95.0,86.26621987402305,False
puffy_intake_images.pdf,1,133,spending,219.6,56.64,267.36,67.92,,,,,harmonized,,5,1,1,4,5,96.0,96.0,86.26621987402305,False
puffy_intake_images.pdf,1,134,more,271.92,58.8,298.08,65.52,,,,,harmonized,,5,1,1,4,6,95.0,95.0,86.26621987402305,False
puffy_intake_images.pdf,1,135,time,302.15999999999997,56.64,324.24,65.52,,,,,harmonized,,5,1,1,4,7,95.0,95.0,86.26621987402305,False
puffy_intake_images.pdf,1,136,hiding,328.56,56.64,359.28,67.92,,,,,harmonized,,5,1,1,4,8,95.0,95.0,86.26621987402305,False
puffy_intake_images.pdf,1,137,under,364.08,56.64,394.08,65.52,,,,,harmonized,,5,1,1,4,9,96.0,96.0,86.26621987402305,False
puffy_intake_images.pdf,1,138,furniture.,397.2,56.64,443.76,65.52,,,,,harmonized,,5,1,1,4,10,96.0,96.0,86.26621987402305,False
puffy_intake_images.pdf,1,139,Owner,448.56,56.64,483.35999999999996,65.52,,,,,harmonized,,5,1,1,4,11,96.0,96.0,78.39875008501845,False
puffy_intake_images.pdf,1,140,notes,487.44,57.12,515.52,65.52,,,,,harmonized,,5,1,1,4,12,96.0,96.0,78.39875008501845,False
puffy_intake_images.pdf,1,141,unusual,89.28,70.08,129.84,78.96,,,,,harmonized,,5,1,1,5,1,96.0,96.0,79.6618645696397,False
puffy_intake_images.pdf,1,142,vocalization,134.16,70.08,195.6,78.96,,,,,harmonized,,5,1,1,5,2,96.0,96.0,79.6618645696397,False
puffy_intake_images.pdf,1,143,when,199.92,70.08,227.76,78.96,,,,,harmonized,,5,1,1,5,3,96.0,96.0,79.6618645696397,False
puffy_intake_images.pdf,1,144,using,232.56,70.08,259.92,81.36,,,,,harmonized,,5,1,1,5,4,96.0,96.0,79.6618645696397,False
puffy_intake_images.pdf,1,145,litter,264.71999999999997,70.08,286.56,78.96,,,,,harmonized,,5,1,1,5,5,96.0,96.0,79.6618645696397,False
puffy_intake_images.pdf,1,146,box.,290.64,70.08,311.76,78.96,,,,,harmonized,,5,1,1,5,6,96.0,96.0,79.6618645696397,False
puffy_intake_images.pdf,1,147,SIGNS,130.56,150.0,171.35999999999999,160.07999999999998,,,,,harmonized,,5,2,1,1,2,95.0,95.0,99.90348231702887,False
puffy_intake_images.pdf,1,148,VITAL,88.56,150.23999999999998,126.24,159.84,,,,,harmonized,,5,2,1,1,1,95.0,95.0,99.90348231702887,False
puffy_intake_images.pdf,1,149,101.8°F,115.44,206.64,176.4,220.07999999999998,,,,,tesseract,,5,2,1,2,1,92.0,92.0,66.74495049199875,False
puffy_intake_images.pdf,1,150,Temperature,120.72,228.72,170.64,238.79999999999998,,,,,harmonized,,5,2,1,3,1,97.98764540214194,96.0,99.97529080428387,False
puffy_intake_images.pdf,1,151,186,239.04,206.88,266.88,220.07999999999998,,,,,harmonized,,5,2,1,2,2,97.99998623489716,96.0,99.99997246979434,False
puffy_intake_images.pdf,1,152,Heart,218.64,229.67999999999998,239.51999999999998,236.16,,,,,harmonized,,5,2,1,3,2,96.0,96.0,69.70886380365914,False
puffy_intake_images.pdf,1,153,Rate,243.12,229.67999999999998,260.88,236.16,,,,,harmonized,,5,2,1,3,3,96.0,96.0,69.70886380365914,False
puffy_intake_images.pdf,1,154,(bpm),264.24,229.67999999999998,286.8,238.07999999999998,,,,,harmonized,,5,2,1,3,4,96.0,96.0,69.70886380365914,False
puffy_intake_images.pdf,1,155,28,349.91999999999996,206.88,368.64,220.07999999999998,,,,,harmonized,,5,2,1,2,3,98.0,96.0,100.0,False
puffy_intake_images.pdf,1,156,Resp,338.88,229.67999999999998,358.8,237.84,,,,,harmonized,,5,2,1,3,5,96.0,96.0,72.1707590925752,False
puffy_intake_images.pdf,1,157,Rate,362.4,229.67999999999998,380.4,236.16,,,,,harmonized,,5,2,1,3,6,96.0,96.0,72.1707590925752,False
puffy_intake_images.pdf,1,158,138/92,440.15999999999997,206.64,492.96,220.07999999999998,,,,,harmonized,,5,2,1,2,4,96.41433289464555,95.0,97.82866578929111,False
puffy_intake_images.pdf,1,159,Blood,436.08,229.67999999999998,457.91999999999996,236.16,,,,,harmonized,,5,2,1,3,7,96.0,96.0,80.18700617506596,False
puffy_intake_images.pdf,1,160,Pressure,461.76,229.67999999999998,496.56,236.16,,,,,harmonized,,5,2,1,3,8,96.0,96.0,80.18700617506596,False
puffy_intake_images.pdf,1,161,MEDICAL,89.52,325.44,149.76,335.52,,,,,harmonized,,5,3,1,1,1,95.0,95.0,94.1395936530718,False
puffy_intake_images.pdf,1,162,HISTORY,154.56,325.44,212.64,335.52,,,,,harmonized,,5,3,1,1,2,95.0,95.0,94.1395936530718,False
puffy_intake_images.pdf,1,163,e,106.56,390.71999999999997,110.16,394.56,,,,,tesseract,,5,5,1,1,1,69.0,69.0,,False
puffy_intake_images.pdf,1,164,o,136.07999999999998,403.91999999999996,140.64,408.47999999999996,,,,,tesseract,,5,5,1,2,1,58.0,58.0,,False
puffy_intake_images.pdf,1,165,o,136.07999999999998,417.35999999999996,140.64,421.91999999999996,,,,,tesseract,,5,5,1,3,1,69.0,69.0,,False
puffy_intake_images.pdf,1,166,e,106.56,431.28,110.16,435.12,,,,,tesseract,,5,5,1,4,1,58.0,58.0,,False
puffy_intake_images.pdf,1,167,°o,136.07999999999998,444.47999999999996,140.64,448.8,,,,,tesseract,,5,5,1,5,1,23.0,23.0,,True
puffy_intake_images.pdf,1,168,e,106.56,458.15999999999997,110.16,462.0,,,,,tesseract,,5,5,1,6,1,40.0,40.0,,False
puffy_intake_images.pdf,1,169,o,136.07999999999998,471.35999999999996,140.64,475.91999999999996,,,,,tesseract,,5,5,1,7,1,74.0,74.0,,False
puffy_intake_images.pdf,1,170,o,136.07999999999998,484.79999999999995,140.64,489.35999999999996,,,,,tesseract,,5,5,1,8,1,58.0,58.0,,False
puffy_intake_images.pdf,1,171,Previous,89.52,361.91999999999996,138.48,370.56,,,,,harmonized,,5,4,1,1,1,96.0,96.0,76.93787021100076,False
puffy_intake_images.pdf,1,172,Diagnoses:,143.51999999999998,361.91999999999996,206.16,372.96,,,,,harmonized,,5,4,1,1,2,96.0,96.0,76.93787021100076,False
puffy_intake_images.pdf,1,173,Feline,119.52,387.36,152.64,396.24,,,,,harmonized,,5,5,1,1,2,96.0,96.0,99.81324452576352,False
puffy_intake_images.pdf,1,174,Lower,157.44,387.36,192.0,396.24,,,,,harmonized,,5,5,1,1,3,96.0,96.0,99.81324452576352,False
puffy_intake_images.pdf,1,175,Urinary,196.07999999999998,387.36,237.12,398.64,,,,,harmonized,,5,5,1,1,4,96.0,96.0,99.81324452576352,False
puffy_intake_images.pdf,1,176,Tract,240.72,387.36,269.03999999999996,396.24,,,,,harmonized,,5,5,1,1,5,96.0,96.0,99.81324452576352,False
puffy_intake_images.pdf,1,177,Disease,273.59999999999997,387.36,317.52,396.24,,,,,harmonized,,5,5,1,1,6,93.0,93.0,99.81324452576352,False
puffy_intake_images.pdf,1,178,(FLUTD),322.08,387.36,367.91999999999996,398.64,,,,,harmonized,,5,5,1,1,7,92.0,92.0,99.81324452576352,False
puffy_intake_images.pdf,1,179,Diagnosed,380.15999999999997,387.36,435.59999999999997,398.64,,,,,harmonized,,5,5,1,1,9,95.0,95.0,99.99600919150316,False
puffy_intake_images.pdf,1,180,February,440.88,387.36,487.68,398.64,,,,,harmonized,,5,5,1,1,10,96.0,96.0,99.99600919150316,False
puffy_intake_images.pdf,1,181,2023,491.52,387.36,517.4399999999999,396.24,,,,,harmonized,,5,5,1,1,11,96.0,96.0,99.99600919150316,False
puffy_intake_images.pdf,1,182,-,372.47999999999996,392.4,375.59999999999997,393.36,,,,,tesseract,,5,5,1,1,8,92.0,92.0,,False
puffy_intake_images.pdf,1,183,Successfully,149.04,400.8,215.04,412.08,,,,,harmonized,,5,5,1,2,2,95.0,95.0,93.5238809379201,False
puffy_intake_images.pdf,1,184,managed,219.12,400.8,267.59999999999997,412.08,,,,,harmonized,,5,5,1,2,3,96.0,96.0,93.5238809379201,False
puffy_intake_images.pdf,1,185,with,271.92,400.8,292.32,409.44,,,,,harmonized,,5,5,1,2,4,96.0,96.0,93.5238809379201,False
puffy_intake_images.pdf,1,186,prescription,297.36,400.8,357.59999999999997,411.84,,,,,harmonized,,5,5,1,2,5,96.0,96.0,93.5238809379201,False
puffy_intake_images.pdf,1,187,diet,362.4,400.8,381.36,409.68,,,,,harmonized,,5,5,1,2,6,96.0,96.0,93.5238809379201,False
puffy_intake_images.pdf,1,188,(Hill's,385.2,400.8,413.03999999999996,412.08,,,,,harmonized,,5,5,1,2,7,92.0,92.0,93.5238809379201,False
puffy_intake_images.pdf,1,189,c/d,417.35999999999996,400.8,432.0,409.68,,,,,tesseract,,5,5,1,2,8,91.0,91.0,93.5238809379201,False
puffy_intake_images.pdf,1,190,Multicare),437.28,400.8,488.4,412.08,,,,,harmonized,,5,5,1,2,9,91.0,91.0,93.5238809379201,False
puffy_intake_images.pdf,1,191,Last,149.51999999999998,414.47999999999996,171.12,423.35999999999996,,,,,harmonized,,5,5,1,3,2,96.0,96.0,78.55133679807015,False
puffy_intake_images.pdf,1,192,urinalysis:,175.2,414.47999999999996,226.79999999999998,425.76,,,,,harmonized,,5,5,1,3,3,95.0,95.0,78.55133679807015,False
puffy_intake_images.pdf,1,193,September,231.6,414.47999999999996,289.92,425.52,,,,,harmonized,,5,5,1,3,4,96.0,96.0,78.55133679807015,False
puffy_intake_images.pdf,1,194,2024,293.52,414.47999999999996,319.2,423.35999999999996,,,,,harmonized,,5,5,1,3,5,96.0,96.0,78.55133679807015,False
puffy_intake_images.pdf,1,195,(within,324.0,414.47999999999996,356.88,425.76,,,,,harmonized,,5,5,1,3,6,96.0,96.0,78.55133679807015,False
puffy_intake_images.pdf,1,196,normal,361.91999999999996,414.47999999999996,397.2,423.35999999999996,,,,,harmonized,,5,5,1,3,7,95.0,95.0,78.55133679807015,False
puffy_intake_images.pdf,1,197,limits),402.0,414.47999999999996,432.24,425.76,,,,,harmonized,,5,5,1,3,8,96.0,96.0,78.55133679807015,False
puffy_intake_images.pdf,1,198,Dental,119.52,427.91999999999996,154.56,436.8,,,,,harmonized,,5,5,1,4,2,96.0,96.0,77.37798012735406,False
puffy_intake_images.pdf,1,199,Disease,159.35999999999999,427.91999999999996,203.51999999999998,436.8,,,,,harmonized,,5,5,1,4,3,95.0,95.0,77.37798012735406,False
puffy_intake_images.pdf,1,200,(Grade,207.84,427.91999999999996,245.51999999999998,439.2,,,,,harmonized,,5,5,1,4,4,96.0,96.0,77.37798012735406,False
puffy_intake_images.pdf,1,201,2),249.35999999999999,427.91999999999996,259.2,439.2,,,,,harmonized,,5,5,1,4,5,93.0,93.0,77.37798012735406,False
puffy_intake_images.pdf,1,202,Noted,271.44,427.91999999999996,301.68,436.8,,,,,harmonized,,5,5,1,4,7,96.0,96.0,95.3867990409338,False
puffy_intake_images.pdf,1,203,during,306.47999999999996,427.91999999999996,338.64,439.2,,,,,harmonized,,5,5,1,4,8,95.0,95.0,95.3867990409338,False
puffy_intake_images.pdf,1,204,annual,343.2,427.91999999999996,378.0,436.8,,,,,harmonized,,5,5,1,4,9,95.0,95.0,95.3867990409338,False
puffy_intake_images.pdf,1,205,October,415.2,427.91999999999996,457.44,436.8,,,,,harmonized,,5,5,1,4,11,96.0,96.0,95.3867990409338,False
puffy_intake_images.pdf,1,206,2024,460.79999999999995,427.91999999999996,486.71999999999997,436.8,,,,,harmonized,,5,5,1,4,12,96.0,96.0,95.3867990409338,False
puffy_intake_images.pdf,1,207,exam,382.56,430.08,410.4,436.8,,,,,harmonized,,5,5,1,4,10,96.0,96.0,95.3867990409338,False
puffy_intake_images.pdf,1,208,-,263.76,432.96,266.88,433.91999999999996,,,,,tesseract,,5,5,1,4,6,93.0,93.0,,False
puffy_intake_images.pdf,1,209,Dental,149.51999999999998,441.35999999999996,182.4,450.24,,,,,harmonized,,5,5,1,5,2,96.0,96.0,62.76258215443124,False
puffy_intake_images.pdf,1,210,cleaning,186.95999999999998,441.35999999999996,230.64,452.64,,,,,harmonized,,5,5,1,5,3,96.0,96.0,62.76258215443124,False
puffy_intake_images.pdf,1,211,scheduled,234.95999999999998,441.35999999999996,288.24,450.24,,,,,harmonized,,5,5,1,5,4,96.0,96.0,62.76258215443124,False
puffy_intake_images.pdf,1,212,for,292.56,441.35999999999996,306.71999999999997,450.24,,,,,harmonized,,5,5,1,5,5,96.0,96.0,62.76258215443124,False
puffy_intake_images.pdf,1,213,March,310.8,441.35999999999996,342.24,450.24,,,,,harmonized,,5,5,1,5,6,96.0,96.0,62.76258215443124,False
puffy_intake_images.pdf,1,214,2025,346.8,441.35999999999996,372.71999999999997,450.24,,,,,harmonized,,5,5,1,5,7,96.0,96.0,62.76258215443124,False
puffy_intake_images.pdf,1,215,Obesity,119.03999999999999,454.8,162.23999999999998,466.08,,,,,harmonized,,5,5,1,6,2,96.49839146116184,93.0,99.9967829223237,False
puffy_intake_images.pdf,1,216,Ongoing,173.76,454.8,217.92,466.08,,,,,harmonized,,5,5,1,6,4,96.0,96.0,99.97765334152223,False
puffy_intake_images.pdf,1,217,management,222.48,455.28,291.84,466.08,,,,,harmonized,,5,5,1,6,5,96.0,96.0,99.97765334152223,False
puffy_intake_images.pdf,1,218,-,166.32,459.84,169.44,460.79999999999995,,,,,tesseract,,5,5,1,6,3,92.0,92.0,,False
puffy_intake_images.pdf,1,219,Peak,149.51999999999998,468.47999999999996,175.92,477.35999999999996,,,,,harmonized,,5,5,1,7,2,96.0,96.0,66.78344987845276,False
puffy_intake_images.pdf,1,220,weight:,179.28,468.47999999999996,216.23999999999998,479.76,,,,,harmonized,,5,5,1,7,3,95.0,95.0,66.78344987845276,False
puffy_intake_images.pdf,1,221,16.8,221.76,468.47999999999996,243.35999999999999,477.35999999999996,,,,,harmonized,,5,5,1,7,4,95.0,95.0,66.78344987845276,False
puffy_intake_images.pdf,1,222,lbs,247.92,468.47999999999996,262.08,477.35999999999996,,,,,tesseract,,5,5,1,7,5,89.0,89.0,66.78344987845276,False
puffy_intake_images.pdf,1,223,(June,266.64,468.47999999999996,295.44,479.76,,,,,harmonized,,5,5,1,7,6,96.0,96.0,66.78344987845276,False
puffy_intake_images.pdf,1,224,2023),299.52,468.47999999999996,329.52,479.76,,,,,harmonized,,5,5,1,7,7,96.0,96.0,66.78344987845276,False
puffy_intake_images.pdf,1,225,Current,149.04,481.91999999999996,188.64,490.79999999999995,,,,,harmonized,,5,5,1,8,2,95.0,95.0,98.22483565187669,False
puffy_intake_images.pdf,1,226,weight,191.76,481.91999999999996,226.56,493.2,,,,,harmonized,,5,5,1,8,3,95.0,95.0,98.22483565187669,False
puffy_intake_images.pdf,1,227,represents,230.64,482.4,286.08,492.96,,,,,harmonized,,5,5,1,8,4,95.0,95.0,98.22483565187669,False
puffy_intake_images.pdf,1,228,15%,291.12,481.91999999999996,312.96,490.79999999999995,,,,,harmonized,,5,5,1,8,5,96.0,96.0,98.22483565187669,False
puffy_intake_images.pdf,1,229,reduction,318.0,481.91999999999996,365.76,490.79999999999995,,,,,harmonized,,5,5,1,8,6,95.0,95.0,98.22483565187669,False
puffy_intake_images.pdf,1,230,e,106.56,536.16,110.16,540.0,,,,,tesseract,,5,7,1,1,1,76.0,76.0,,False
puffy_intake_images.pdf,1,231,¢,106.56,549.84,110.16,553.4399999999999,,,,,tesseract,,5,7,1,2,1,44.0,44.0,,False
puffy_intake_images.pdf,1,232,Surgical,89.03999999999999,507.35999999999996,134.88,518.4,,,,,harmonized,,5,6,1,1,1,96.0,96.0,99.99749325293608,False
puffy_intake_images.pdf,1,233,History:,140.16,507.35999999999996,183.35999999999999,518.4,,,,,harmonized,,5,6,1,1,2,96.0,96.0,99.99749325293608,False
puffy_intake_images.pdf,1,234,Castration,119.03999999999999,532.8,176.88,541.68,,,,,harmonized,,5,7,1,1,2,85.04900771053164,92.0,78.09801542106327,False
puffy_intake_images.pdf,1,235,performed,189.12,532.8,242.39999999999998,543.84,,,,,harmonized,,5,7,1,1,4,96.0,96.0,79.23405438762171,False
puffy_intake_images.pdf,1,236,at,246.95999999999998,533.28,256.56,541.68,,,,,harmonized,,5,7,1,1,5,96.0,96.0,79.23405438762171,False
puffy_intake_images.pdf,1,237,6,260.4,532.8,266.15999999999997,541.68,,,,,harmonized,,5,7,1,1,6,96.0,96.0,79.23405438762171,False
puffy_intake_images.pdf,1,238,months,270.71999999999997,532.8,308.64,541.68,,,,,harmonized,,5,7,1,1,7,96.0,96.0,79.23405438762171,False
puffy_intake_images.pdf,1,239,(September,313.2,532.8,375.36,544.0799999999999,,,,,harmonized,,5,7,1,1,8,96.0,96.0,79.23405438762171,False
puffy_intake_images.pdf,1,240,2019),378.71999999999997,532.8,408.96,544.0799999999999,,,,,harmonized,,5,7,1,1,9,96.0,96.0,79.23405438762171,False
puffy_intake_images.pdf,1,241,-,181.68,537.84,184.79999999999998,538.8,,,,,tesseract,,5,7,1,1,3,92.0,92.0,,False
puffy_intake_images.pdf,1,242,Dental,119.52,546.48,154.56,555.36,,,,,harmonized,,5,7,1,2,2,96.0,96.0,59.36063717059695,False
puffy_intake_images.pdf,1,243,Extraction,159.35999999999999,546.48,216.23999999999998,555.36,,,,,harmonized,,5,7,1,2,3,93.0,93.0,59.36063717059695,False
puffy_intake_images.pdf,1,244,Upper,228.72,546.48,260.64,557.52,,,,,harmonized,,5,7,1,2,5,95.0,95.0,75.62776321617875,False
puffy_intake_images.pdf,1,245,left,264.48,546.48,279.84,555.36,,,,,harmonized,,5,7,1,2,6,96.0,96.0,75.62776321617875,False
puffy_intake_images.pdf,1,246,premolar,283.92,546.48,330.71999999999997,557.52,,,,,harmonized,,5,7,1,2,7,96.0,96.0,75.62776321617875,False
puffy_intake_images.pdf,1,247,#208,333.84,546.48,360.24,555.36,,,,,harmonized,,5,7,1,2,8,96.0,96.0,75.62776321617875,False
puffy_intake_images.pdf,1,248,(February,364.56,546.48,415.68,557.76,,,,,harmonized,,5,7,1,2,9,96.0,96.0,75.62776321617875,False
puffy_intake_images.pdf,1,249,2024),419.52,546.48,449.52,557.76,,,,,harmonized,,5,7,1,2,10,96.0,96.0,75.62776321617875,False
puffy_intake_images.pdf,1,250,-,221.04,551.52,224.16,552.48,,,,,tesseract,,5,7,1,2,4,91.0,91.0,,False
puffy_intake_images.pdf,1,251,CURRENT,89.28,626.16,154.07999999999998,636.24,,,,,harmonized,,5,8,1,1,1,96.0,96.0,99.9516331407737,False
puffy_intake_images.pdf,1,252,MEDICATIONS,159.12,626.16,251.04,636.24,,,,,harmonized,,5,8,1,1,2,93.0,93.0,99.9516331407737,False
puffy_intake_images.pdf,1,253,&,256.32,626.16,264.96,636.24,,,,,harmonized,,5,8,1,1,3,92.0,92.0,99.9516331407737,False
puffy_intake_images.pdf,1,254,ALLERGIES,268.56,626.16,345.12,636.24,,,,,harmonized,,5,8,1,1,4,96.0,96.0,99.9516331407737,False
puffy_intake_images.pdf,1,255,e,120.72,697.4399999999999,124.56,701.28,,,,,tesseract,,5,10,1,1,1,85.0,85.0,,False
puffy_intake_images.pdf,1,256,e,120.72,710.88,124.56,714.72,,,,,tesseract,,5,10,1,2,1,82.0,82.0,,False
puffy_intake_images.pdf,1,257,Current,103.2,672.9599999999999,145.92,682.0799999999999,,,,,harmonized,,5,9,1,1,1,96.0,96.0,99.65252326302787,False
puffy_intake_images.pdf,1,258,Medications:,150.23999999999998,673.1999999999999,221.76,682.0799999999999,,,,,harmonized,,5,9,1,1,2,96.0,96.0,99.65252326302787,False
puffy_intake_images.pdf,1,259,Gabapentin,133.2,693.8399999999999,198.0,705.12,,,,,harmonized,,5,10,1,1,2,96.0,96.0,75.43207087085268,False
puffy_intake_images.pdf,1,260,50mg,202.56,694.0799999999999,231.35999999999999,705.36,,,,,harmonized,,5,10,1,1,3,96.0,96.0,75.43207087085268,False
puffy_intake_images.pdf,1,261,PO,236.39999999999998,693.8399999999999,252.23999999999998,702.9599999999999,,,,,harmonized,,5,10,1,1,4,92.0,92.0,75.43207087085268,False
puffy_intake_images.pdf,1,262,q12h,256.56,694.0799999999999,282.24,705.12,,,,,tesseract,,5,10,1,1,5,92.0,92.0,75.43207087085268,False
puffy_intake_images.pdf,1,263,PRN,287.03999999999996,694.0799999999999,310.56,702.72,,,,,harmonized,,5,10,1,1,6,96.0,96.0,75.43207087085268,False
puffy_intake_images.pdf,1,264,for,314.88,693.8399999999999,328.8,702.9599999999999,,,,,harmonized,,5,10,1,1,7,95.0,95.0,75.43207087085268,False
puffy_intake_images.pdf,1,265,anxiety,332.64,694.0799999999999,370.08,705.36,,,,,harmonized,,5,10,1,1,8,96.0,96.0,75.43207087085268,False
puffy_intake_images.pdf,1,266,during,373.91999999999996,694.0799999999999,406.08,705.36,,,,,harmonized,,5,10,1,1,9,96.0,96.0,75.43207087085268,False
puffy_intake_images.pdf,1,267,vet,410.4,694.3199999999999,426.24,702.9599999999999,,,,,harmonized,,5,10,1,1,10,96.0,96.0,75.43207087085268,False
puffy_intake_images.pdf,1,268,visits,429.84,694.0799999999999,455.76,702.9599999999999,,,,,harmonized,,5,10,1,1,11,96.0,96.0,75.43207087085268,False
puffy_intake_images.pdf,1,269,Mirataz,133.44,707.52,173.76,716.4,,,,,harmonized,,5,10,1,2,2,92.0,92.0,60.418535814342825,False
puffy_intake_images.pdf,1,270,(mirtazapine,178.07999999999998,707.28,243.12,718.8,,,,,harmonized,,5,10,1,2,3,96.0,96.0,60.418535814342825,False
puffy_intake_images.pdf,1,271,transdermal),246.95999999999998,707.28,313.68,718.8,,,,,harmonized,,5,10,1,2,4,93.0,93.0,60.418535814342825,False
puffy_intake_images.pdf,1,272,2mg,317.76,707.52,340.08,718.8,,,,,harmonized,,5,10,1,2,5,92.0,92.0,60.418535814342825,False
puffy_intake_images.pdf,1,273,q24h,344.64,707.52,370.08,718.56,,,,,harmonized,,5,10,1,2,6,91.0,91.0,60.418535814342825,False
puffy_intake_images.pdf,1,274,3,384.0,707.52,389.76,716.4,,,,,harmonized,,5,10,1,2,8,96.0,96.0,60.418535814342825,False
puffy_intake_images.pdf,1,275,days,394.08,707.52,418.32,718.8,,,,,harmonized,,5,10,1,2,9,96.0,96.0,60.418535814342825,False
puffy_intake_images.pdf,1,276,(started,422.88,707.28,462.0,718.8,,,,,harmonized,,5,10,1,2,10,96.0,96.0,60.418535814342825,False
puffy_intake_images.pdf,1,277,x,374.4,709.92,379.91999999999996,716.16,,,,,harmonized,,5,10,1,2,7,96.0,96.0,60.418535814342825,False
puffy_intake_images.pdf,1,278,01/21/2025),133.2,720.9599999999999,196.32,732.48,,,,,harmonized,,5,10,1,3,1,80.45311843848367,96.0,64.90623687696736,False
puffy_intake_images.pdf,1,279,file:///Users/wesleybeckner/Downloads/patient-intake-html,24.24,769.1999999999999,212.88,776.4,,,,,tesseract,,5,12,1,1,1,91.0,91.0,59.521161264563936,False
puffy_intake_images.pdf,1,280,(2).html,215.51999999999998,769.1999999999999,240.95999999999998,776.16,,,,,tesseract,,5,12,1,1,2,63.0,63.0,59.521161264563936,False
puffy_intake_images.pdf,1,281,2/3,578.16,769.1999999999999,587.52,774.9599999999999,,,,,harmonized,,5,12,1,1,3,96.64553652852854,95.0,98.29107305705708,False
puffy_intake_images.pdf,2,282,"7/24/25,",24.24,17.04,50.4,23.759999999999998,,,,,harmonized,,5,1,1,1,1,94.0,94.0,70.17306714270264,False
puffy_intake_images.pdf,2,283,10:28,53.519999999999996,17.28,70.08,22.56,,,,,tesseract,,5,1,1,1,2,96.0,96.0,70.17306714270264,False
puffy_intake_images.pdf,2,284,AM,72.48,17.28,84.96,22.56,,,,,harmonized,,5,1,1,1,3,96.0,96.0,70.17306714270264,False
puffy_intake_images.pdf,2,285,e,120.72,71.28,124.56,75.11999999999999,,,,,tesseract,,5,3,1,1,1,82.0,82.0,,False
puffy_intake_images.pdf,2,286,e,120.72,84.72,124.56,88.56,,,,,tesseract,,5,3,1,2,1,77.0,77.0,,False
puffy_intake_images.pdf,2,287,,88.56,27.720000000000002,91.44,116.28,2.8799999999999955,88.56,255.0527999999996,pixel_detector,ocr_missed,ocr_missed,-1,-1,-1,-1,-1,0.0,,,
puffy_intake_images.pdf,2,288,+.,102.72,42.72,114.72,53.04,,,,,tesseract,,5,2,1,1,1,36.0,36.0,,False
puffy_intake_images.pdf,2,289,Allergies,120.72,45.36,170.88,56.64,,,,,harmonized,,5,2,1,1,2,93.0,93.0,88.57184693465592,False
puffy_intake_images.pdf,2,290,&,175.2,45.12,183.12,54.239999999999995,,,,,harmonized,,5,2,1,1,3,93.0,93.0,88.57184693465592,False
puffy_intake_images.pdf,2,291,Sensitivities:,187.2,45.12,259.68,54.239999999999995,,,,,harmonized,,5,2,1,1,4,96.0,96.0,88.57184693465592,False
puffy_intake_images.pdf,2,292,Chicken,133.2,67.67999999999999,178.56,76.8,,,,,harmonized,,5,3,1,1,2,96.499637291721,93.0,99.99927458344199,False
puffy_intake_images.pdf,2,293,Causes,190.56,67.67999999999999,230.39999999999998,76.8,,,,,harmonized,,5,3,1,1,4,96.0,96.0,85.81558970740613,False
puffy_intake_images.pdf,2,294,gastrointestinal,234.48,67.92,314.15999999999997,79.2,,,,,harmonized,,5,3,1,1,5,96.0,96.0,85.81558970740613,False
puffy_intake_images.pdf,2,295,upset,318.96,68.16,347.52,78.96,,,,,harmonized,,5,3,1,1,6,96.0,96.0,85.81558970740613,False
puffy_intake_images.pdf,2,296,-,183.12,72.96,186.48,73.92,,,,,tesseract,,5,3,1,1,3,93.0,93.0,,False
puffy_intake_images.pdf,2,297,Clavamox,133.2,81.11999999999999,189.35999999999999,90.24,,,,,harmonized,,5,3,1,2,2,88.07311275317258,91.0,85.14622550634515,False
puffy_intake_images.pdf,2,298,Previous,201.12,81.36,246.23999999999998,90.24,,,,,harmonized,,5,3,1,2,4,96.0,96.0,76.70891336717001,False
puffy_intake_images.pdf,2,299,adverse,250.56,81.36,292.32,90.24,,,,,harmonized,,5,3,1,2,5,96.0,96.0,76.70891336717001,False
puffy_intake_images.pdf,2,300,reaction,296.88,81.36,338.15999999999997,90.24,,,,,harmonized,,5,3,1,2,6,96.0,96.0,76.70891336717001,False
puffy_intake_images.pdf,2,301,(severe,342.96,81.11999999999999,381.84,92.64,,,,,harmonized,,5,3,1,2,7,96.0,96.0,76.70891336717001,False
puffy_intake_images.pdf,2,302,diarrhea),385.91999999999996,81.11999999999999,433.2,92.64,,,,,harmonized,,5,3,1,2,8,96.0,96.0,76.70891336717001,False
puffy_intake_images.pdf,2,303,-,192.95999999999998,86.39999999999999,196.32,87.36,,,,,tesseract,,5,3,1,2,3,92.0,92.0,,False
puffy_intake_images.pdf,2,304,Patient,294.0,17.04,316.08,22.56,,,,,harmonized,,5,1,1,1,4,96.0,96.0,81.62679883343014,False
puffy_intake_images.pdf,2,305,Intake,318.24,17.04,337.91999999999996,22.56,,,,,harmonized,,5,1,1,1,5,96.0,96.0,81.62679883343014,False
puffy_intake_images.pdf,2,306,Summary,340.32,17.04,371.03999999999996,24.24,,,,,harmonized,,5,1,1,1,6,93.0,93.0,81.62679883343014,False
puffy_intake_images.pdf,2,307,-,373.44,20.4,375.59999999999997,21.119999999999997,,,,,tesseract,,5,1,1,1,7,92.0,92.0,,False
puffy_intake_images.pdf,2,308,Peter,378.0,17.28,394.32,22.56,,,,,harmonized,,5,1,1,1,8,96.0,96.0,99.88533187625953,False
puffy_intake_images.pdf,2,309,Lou,396.47999999999996,17.28,408.96,22.8,,,,,harmonized,,5,1,1,1,9,96.0,96.0,99.88533187625953,False
puffy_intake_images.pdf,2,310,DIAGNOSTIC,89.52,183.6,172.32,193.68,,,,,harmonized,,5,5,1,1,1,96.0,96.0,79.55399856639728,False
puffy_intake_images.pdf,2,311,PLAN,178.07999999999998,183.84,212.64,193.44,,,,,harmonized,,5,5,1,1,2,96.0,96.0,79.55399856639728,False
puffy_intake_images.pdf,2,312,1.,106.32,220.07999999999998,114.24,228.72,,,,,tesseract,,5,6,1,1,1,96.0,96.0,52.105326819131726,False
puffy_intake_images.pdf,2,313,Complete,119.03999999999999,220.07999999999998,169.44,231.12,,,,,harmonized,,5,6,1,1,2,96.0,96.0,58.427634418709,False
puffy_intake_images.pdf,2,314,Blood,174.23999999999998,220.07999999999998,203.04,228.95999999999998,,,,,harmonized,,5,6,1,1,3,96.0,96.0,58.427634418709,False
puffy_intake_images.pdf,2,315,Count,207.6,220.07999999999998,239.28,228.95999999999998,,,,,harmonized,,5,6,1,1,4,96.0,96.0,58.427634418709,False
puffy_intake_images.pdf,2,316,(CBC),243.35999999999999,220.07999999999998,275.52,231.35999999999999,,,,,harmonized,,5,6,1,1,5,96.0,96.0,58.427634418709,False
puffy_intake_images.pdf,2,317,2.,105.36,233.51999999999998,114.24,242.16,,,,,harmonized,,5,6,2,1,1,96.0,96.0,88.33262760901755,False
puffy_intake_images.pdf,2,318,Comprehensive,119.03999999999999,233.51999999999998,202.07999999999998,244.56,,,,,harmonized,,5,6,2,1,2,95.0,95.0,88.33262760901755,False
puffy_intake_images.pdf,2,319,Metabolic,206.88,233.51999999999998,257.03999999999996,242.39999999999998,,,,,harmonized,,5,6,2,1,3,96.0,96.0,88.33262760901755,False
puffy_intake_images.pdf,2,320,Panel,261.59999999999997,233.51999999999998,290.4,242.39999999999998,,,,,harmonized,,5,6,2,1,4,96.0,96.0,88.33262760901755,False
puffy_intake_images.pdf,2,321,including,295.2,233.51999999999998,341.28,244.79999999999998,,,,,harmonized,,5,6,2,1,5,93.0,93.0,88.33262760901755,False
puffy_intake_images.pdf,2,322,T4,345.36,233.51999999999998,358.32,242.16,,,,,harmonized,,5,6,2,1,6,92.0,92.0,88.33262760901755,False
puffy_intake_images.pdf,2,323,3.,105.6,247.2,114.24,256.08,,,,,harmonized,,5,6,3,1,1,95.0,95.0,62.647920234470014,False
puffy_intake_images.pdf,2,324,Urinalysis,119.52,247.2,169.92,258.48,,,,,harmonized,,5,6,3,1,2,96.0,96.0,62.647920234470014,False
puffy_intake_images.pdf,2,325,with,173.76,247.2,194.16,255.84,,,,,harmonized,,5,6,3,1,3,96.0,96.0,62.647920234470014,False
puffy_intake_images.pdf,2,326,culture,198.95999999999998,247.2,234.0,256.08,,,,,harmonized,,5,6,3,1,4,93.0,93.0,62.647920234470014,False
puffy_intake_images.pdf,2,327,&,238.32,247.2,245.51999999999998,256.08,,,,,harmonized,,5,6,3,1,5,93.0,93.0,62.647920234470014,False
puffy_intake_images.pdf,2,328,sensitivity,249.6,247.2,300.96,258.48,,,,,harmonized,,5,6,3,1,6,96.0,96.0,62.647920234470014,False
puffy_intake_images.pdf,2,329,4_,105.36,260.64,114.24,269.28,,,,,easyocr,,5,6,4,1,1,98.30787243122849,96.0,98.30787243122849,False
puffy_intake_images.pdf,2,330,Abdominal,118.56,260.64,174.48,269.52,,,,,harmonized,,5,6,4,1,2,93.0,93.0,52.311571534000265,False
puffy_intake_images.pdf,2,331,Radiographs,179.51999999999998,260.64,246.0,271.92,,,,,harmonized,,5,6,4,1,3,96.0,96.0,52.311571534000265,False
puffy_intake_images.pdf,2,332,(2,250.56,260.64,259.92,271.92,,,,,harmonized,,5,6,4,1,4,95.0,95.0,52.311571534000265,False
puffy_intake_images.pdf,2,333,views),264.24,260.64,297.59999999999997,271.92,,,,,tesseract,,5,6,4,1,5,96.0,96.0,52.311571534000265,False
puffy_intake_images.pdf,2,334,5.,105.6,274.32,114.24,282.96,,,,,harmonized,,5,6,5,1,1,95.0,95.0,90.46506084160254,False
puffy_intake_images.pdf,2,335,Abdominal,118.56,274.08,174.48,282.96,,,,,harmonized,,5,6,5,1,2,95.0,95.0,90.46506084160254,False
puffy_intake_images.pdf,2,336,Ultrasound,179.51999999999998,274.08,235.67999999999998,282.96,,,,,harmonized,,5,6,5,1,3,95.0,95.0,90.46506084160254,False
puffy_intake_images.pdf,2,337,if,240.48,274.08,246.48,282.71999999999997,,,,,harmonized,,5,6,5,1,4,94.0,94.0,90.46506084160254,False
puffy_intake_images.pdf,2,338,indicated,249.84,274.08,296.4,282.96,,,,,harmonized,,5,6,5,1,5,96.0,96.0,90.46506084160254,False
puffy_intake_images.pdf,2,339,by,301.2,274.08,312.96,285.36,,,,,harmonized,,5,6,5,1,6,95.0,95.0,90.46506084160254,False
puffy_intake_images.pdf,2,340,initial,317.28,274.08,343.2,282.96,,,,,harmonized,,5,6,5,1,7,96.0,96.0,90.46506084160254,False
puffy_intake_images.pdf,2,341,diagnostics,347.76,274.08,406.8,285.36,,,,,harmonized,,5,6,5,1,8,96.0,96.0,90.46506084160254,False
puffy_intake_images.pdf,2,342,Attending,72.72,373.91999999999996,127.92,385.2,,,,,harmonized,,5,7,1,1,1,96.0,96.0,86.92138254742844,False
puffy_intake_images.pdf,2,343,Veterinarian:,132.0,373.91999999999996,203.76,382.8,,,,,harmonized,,5,7,1,1,2,96.0,96.0,86.92138254742844,False
puffy_intake_images.pdf,2,344,Dr.,209.04,373.91999999999996,222.48,382.56,,,,,tesseract,,5,7,1,1,3,96.0,96.0,86.92138254742844,False
puffy_intake_images.pdf,2,345,Sarah,227.28,373.91999999999996,258.0,382.8,,,,,harmonized,,5,7,1,1,4,95.0,95.0,86.92138254742844,False
puffy_intake_images.pdf,2,346,"Chen,",73.2,387.36,103.92,397.68,,,,,harmonized,,5,7,1,2,1,96.0,96.0,90.30445650537172,False
puffy_intake_images.pdf,2,347,DVM,108.96,387.36,133.92,396.0,,,,,harmonized,,5,7,1,2,2,96.0,96.0,90.30445650537172,False
puffy_intake_images.pdf,2,348,License,73.67999999999999,412.8,117.11999999999999,421.68,,,,,harmonized,,5,7,2,1,1,92.0,92.0,99.13859340279217,False
puffy_intake_images.pdf,2,349,#:,120.72,412.8,130.32,421.68,,,,,harmonized,,5,7,2,1,2,92.0,92.0,99.13859340279217,False
puffy_intake_images.pdf,2,350,OR-VET-8847293,135.35999999999999,412.8,229.67999999999998,421.68,,,,,harmonized,,5,7,2,1,3,91.0,91.0,99.13859340279217,False
puffy_intake_images.pdf,2,351,Veterinary,321.12,373.91999999999996,378.71999999999997,385.2,,,,,harmonized,,5,7,1,1,5,96.0,96.0,94.895052054759,False
puffy_intake_images.pdf,2,352,Technician:,382.56,373.91999999999996,447.12,382.8,,,,,harmonized,,5,7,1,1,6,95.0,95.0,94.895052054759,False
puffy_intake_images.pdf,2,353,Mark,452.4,373.91999999999996,478.08,382.8,,,,,harmonized,,5,7,1,1,7,96.0,96.0,94.895052054759,False
puffy_intake_images.pdf,2,354,"Thompson,",321.36,387.36,380.15999999999997,398.4,,,,,harmonized,,5,7,1,2,3,93.0,93.0,99.2650420122643,False
puffy_intake_images.pdf,2,355,RVT,385.44,387.36,408.0,396.0,,,,,harmonized,,5,7,1,2,4,91.0,91.0,99.2650420122643,False
puffy_intake_images.pdf,2,356,License,322.08,412.8,365.28,421.68,,,,,harmonized,,5,7,2,1,4,92.0,92.0,93.74102133902392,False
puffy_intake_images.pdf,2,357,#:,369.12,412.8,378.47999999999996,421.68,,,,,harmonized,,5,7,2,1,5,92.0,92.0,93.74102133902392,False
puffy_intake_images.pdf,2,358,OR-RVT-4492817,383.52,412.8,478.32,421.68,,,,,harmonized,,5,7,2,1,6,90.0,90.0,93.74102133902392,False
puffy_intake_images.pdf,2,359,[Electronic,73.44,438.47999999999996,128.64,449.52,,,,,harmonized,,5,7,2,2,1,95.0,95.0,87.07743328627018,False
puffy_intake_images.pdf,2,360,Signature,132.48,438.47999999999996,183.12,449.76,,,,,harmonized,,5,7,2,2,2,96.0,96.0,87.07743328627018,False
puffy_intake_images.pdf,2,361,File],204.48,438.47999999999996,225.35999999999999,449.52,,,,,harmonized,,5,7,2,2,4,96.0,96.0,87.07743328627018,False
puffy_intake_images.pdf,2,362,on,187.2,440.64,199.2,447.35999999999996,,,,,harmonized,,5,7,2,2,3,96.0,96.0,87.07743328627018,False
puffy_intake_images.pdf,2,363,[Electronic,321.84,438.47999999999996,376.8,449.52,,,,,harmonized,,5,7,2,2,5,96.0,96.0,79.39996431782026,False
puffy_intake_images.pdf,2,364,Signature,380.88,438.47999999999996,431.28,449.76,,,,,harmonized,,5,7,2,2,6,96.0,96.0,79.39996431782026,False
puffy_intake_images.pdf,2,365,File],452.64,438.47999999999996,473.76,449.52,,,,,harmonized,,5,7,2,2,8,96.0,96.0,79.39996431782026,False
puffy_intake_images.pdf,2,366,on,435.59999999999997,440.64,447.35999999999996,447.35999999999996,,,,,harmonized,,5,7,2,2,7,96.0,96.0,79.39996431782026,False
puffy_intake_images.pdf,2,367,NORTHWEST,217.67999999999998,503.52,274.8,510.0,,,,,harmonized,,5,10,1,1,1,95.0,95.0,82.05524034637817,False
puffy_intake_images.pdf,2,368,VETERINARY,277.44,503.52,335.03999999999996,510.0,,,,,harmonized,,5,10,1,1,2,96.0,96.0,82.05524034637817,False
puffy_intake_images.pdf,2,369,ASSOCIATES,337.2,503.52,394.56,510.0,,,,,harmonized,,5,10,1,1,3,95.0,95.0,82.05524034637817,False
puffy_intake_images.pdf,2,370,1250,214.32,522.96,232.79999999999998,529.4399999999999,,,,,harmonized,,5,10,1,2,1,95.0,95.0,70.58049832802749,False
puffy_intake_images.pdf,2,371,SW,236.16,522.96,250.07999999999998,529.4399999999999,,,,,harmonized,,5,10,1,2,2,95.0,95.0,70.58049832802749,False
puffy_intake_images.pdf,2,372,Morrison,253.44,522.96,287.03999999999996,529.4399999999999,,,,,harmonized,,5,10,1,2,3,96.0,96.0,70.58049832802749,False
puffy_intake_images.pdf,2,373,"Street,",290.88,522.96,315.84,530.64,,,,,tesseract,,5,10,1,2,4,96.0,96.0,70.58049832802749,False
puffy_intake_images.pdf,2,374,"Portland,",319.92,522.96,354.47999999999996,530.64,,,,,harmonized,,5,10,1,2,5,95.0,95.0,70.58049832802749,False
puffy_intake_images.pdf,2,375,OR,358.32,522.96,371.03999999999996,529.4399999999999,,,,,harmonized,,5,10,1,2,6,95.0,95.0,70.58049832802749,False
puffy_intake_images.pdf,2,376,97204,374.15999999999997,522.96,398.15999999999997,529.4399999999999,,,,,harmonized,,5,10,1,2,7,95.0,95.0,70.58049832802749,False
puffy_intake_images.pdf,2,377,Phone:,173.28,542.64,200.16,549.12,,,,,harmonized,,5,11,1,1,1,96.0,96.0,99.73203952019479,False
puffy_intake_images.pdf,2,378,(503),204.0,542.64,223.92,551.04,,,,,harmonized,,5,11,1,1,2,96.0,96.0,99.73203952019479,False
puffy_intake_images.pdf,2,379,555-8387,227.28,542.64,264.48,549.12,,,,,harmonized,,5,11,1,1,3,96.0,96.0,99.73203952019479,False
puffy_intake_images.pdf,2,380,|,268.32,542.64,269.03999999999996,551.04,,,,,tesseract,,5,11,1,1,4,96.0,96.0,,False
puffy_intake_images.pdf,2,381,Fax:,273.12,542.64,288.96,549.12,,,,,harmonized,,5,11,1,1,5,95.0,95.0,81.6456179440335,False
puffy_intake_images.pdf,2,382,(503),292.8,542.64,312.96,551.04,,,,,harmonized,,5,11,1,1,6,95.0,95.0,81.6456179440335,False
puffy_intake_images.pdf,2,383,555-8388,316.32,542.64,353.28,549.12,,,,,harmonized,,5,11,1,1,7,95.0,95.0,81.6456179440335,False
puffy_intake_images.pdf,2,384,|,357.36,542.64,357.84,551.04,,,,,tesseract,,5,11,1,1,8,96.0,96.0,,False
puffy_intake_images.pdf,2,385,Tax,361.44,542.64,374.88,549.12,,,,,harmonized,,5,11,1,1,9,96.0,96.0,72.31399575017369,False
puffy_intake_images.pdf,2,386,ID:,378.47999999999996,542.64,388.08,549.12,,,,,harmonized,,5,11,1,1,10,93.0,93.0,72.31399575017369,False
puffy_intake_images.pdf,2,387,93-1827465,391.91999999999996,542.64,439.2,549.12,,,,,harmonized,,5,11,1,1,11,92.0,92.0,72.31399575017369,False
puffy_intake_images.pdf,2,388,This,111.6,564.24,127.44,570.72,,,,,harmonized,,5,12,1,1,1,96.0,96.0,87.03845151597493,False
puffy_intake_images.pdf,2,389,document,130.32,564.24,169.68,570.72,,,,,harmonized,,5,12,1,1,2,96.0,96.0,87.03845151597493,False
puffy_intake_images.pdf,2,390,contains,172.56,564.24,205.44,570.72,,,,,harmonized,,5,12,1,1,3,96.0,96.0,87.03845151597493,False
puffy_intake_images.pdf,2,391,confidential,208.56,564.24,253.67999999999998,570.72,,,,,harmonized,,5,12,1,1,4,96.0,96.0,87.03845151597493,False
puffy_intake_images.pdf,2,392,medical,256.32,564.24,287.28,570.72,,,,,harmonized,,5,12,1,1,5,96.0,96.0,87.03845151597493,False
puffy_intake_images.pdf,2,393,information,289.68,564.24,333.59999999999997,570.72,,,,,harmonized,,5,12,1,1,6,96.0,96.0,87.03845151597493,False
puffy_intake_images.pdf,2,394,protected,336.47999999999996,564.24,374.4,572.4,,,,,harmonized,,5,12,1,1,7,96.0,96.0,87.03845151597493,False
puffy_intake_images.pdf,2,395,under,377.28,564.24,400.08,570.72,,,,,harmonized,,5,12,1,1,8,93.0,93.0,87.03845151597493,False
puffy_intake_images.pdf,2,396,veterinary-client,402.71999999999997,564.24,465.84,572.64,,,,,harmonized,,5,12,1,1,9,92.0,92.0,87.03845151597493,False
puffy_intake_images.pdf,2,397,privilege,468.0,564.24,501.35999999999996,572.64,,,,,harmonized,,5,12,1,1,10,96.0,96.0,87.03845151597493,False
puffy_intake_images.pdf,2,398,file:///Users/wesleybeckner/Downloads/patient-intake-html,24.24,769.1999999999999,212.88,776.4,,,,,tesseract,,5,13,1,1,1,91.0,91.0,59.521161264563936,False
puffy_intake_images.pdf,2,399,(2).html,215.51999999999998,769.1999999999999,240.95999999999998,776.16,,,,,tesseract,,5,13,1,1,2,63.0,63.0,59.521161264563936,False
puffy_intake_images.pdf,2,400,3/3,578.16,769.1999999999999,587.52,774.9599999999999,,,,,harmonized,,5,13,1,1,3,97.91306066513062,96.0,99.82612133026123,False
